{"NEUTRAL": {"g": [-0.10868073453260091, 0.050954862374694924, -0.992769912891114], "gi": [10.837138740596664, -70.62837393337931, 2.666975025185836]}, "HARMONY": {"g": [-0.7826550607122348, 0.09461060743738715, -0.6152234463199989], "gi": [0.6483862573219792, -118.87103797050652, -1.6986664426270566]}, "HUSH": {"g": [0.7932171341537664, -0.2146825324636427, -0.5698403182821329], "gi": [17.39590919319972, -44.737965132057965, 7.236779192266947]}, "RUNS": {"g": [-0.11974165112522894, -0.04552151863134317, -0.9917609229684846], "gi": [2.6219193199202975, -72.33892742953613, -62.50785292178197]}, "ARPEGGIO": {"g": [-0.2075014731318869, 0.15451859148020675, -0.965954006946019], "gi": [31.69179528615679, -82.06333781999942, 86.93905929712433]}}