{"NEUTRAL": {"g": [-0.36260467767030774, -0.10623798581536803, -0.9258678837185713], "gi": [-13.549199399999914, 34.49661129999999, -142.8398141999998]}, "HARMONY": {"g": [-0.9945061701838364, 0.10397366150714384, -0.012122507128320036], "gi": [-23.841559699999916, -24.710538700000008, -143.06705109999984]}, "HUSH": {"g": [0.9838251843513907, -0.1665764451338996, 0.06588091197384037], "gi": [-6.329904899999921, 138.3495116000001, -136.4883815999997]}, "RUNS": {"g": [-0.12842516907877966, 0.032597663999476535, -0.9911833171764263], "gi": [17.71495690000005, 56.70748270000016, -242.84495089999976]}, "ARPEGGIO": {"g": [-0.13501889310233053, 0.38638364090039873, -0.9124020936790824], "gi": [38.40662740000008, 64.47597140000033, -87.97818819999983]}}