{"NEUTRAL": {"g": [0.1456171508643147, -0.18476847896560328, -0.971934285101054], "gi": [78.65640075720394, -67.52047245140591, 29.079363112238397]}, "HARMONY": {"g": [-0.8881356830337842, 0.14363242871251092, -0.43656011492606484], "gi": [65.84418517234329, -134.27526931214183, 28.48425155035492]}, "HUSH": {"g": [0.9019424794154113, -0.19917345638559494, -0.3831836349550905], "gi": [103.12288900746088, -38.12450318319462, 33.81822403850086]}, "RUNS": {"g": [0.017182461967834305, 0.02395620273844296, -0.9995653372096686], "gi": [105.09565927275229, -124.62800655019593, -38.399323054215344]}, "ARPEGGIO": {"g": [-0.10439415970445479, 0.008624563999227895, -0.9944986054869177], "gi": [95.46352140761343, -126.92679843569924, 94.25737575903884]}}